{
  "hash": "e7d13386",
  "configHash": "7f4cfaa6",
  "lockfileHash": "c11f41c7",
  "browserHash": "06a0b3ff",
  "optimized": {
    "@angular/cdk/bidi": {
      "src": "../../../../../../node_modules/@angular/cdk/fesm2022/bidi.mjs",
      "file": "@angular_cdk_bidi.js",
      "fileHash": "faf88f5d",
      "needsInterop": false
    },
    "@angular/cdk/scrolling": {
      "src": "../../../../../../node_modules/@angular/cdk/fesm2022/scrolling.mjs",
      "file": "@angular_cdk_scrolling.js",
      "fileHash": "4077f8a0",
      "needsInterop": false
    },
    "@angular/cdk/text-field": {
      "src": "../../../../../../node_modules/@angular/cdk/fesm2022/text-field.mjs",
      "file": "@angular_cdk_text-field.js",
      "fileHash": "e9eb7c45",
      "needsInterop": false
    },
    "@angular/common": {
      "src": "../../../../../../node_modules/@angular/common/fesm2022/common.mjs",
      "file": "@angular_common.js",
      "fileHash": "4954415a",
      "needsInterop": false
    },
    "@angular/core": {
      "src": "../../../../../../node_modules/@angular/core/fesm2022/core.mjs",
      "file": "@angular_core.js",
      "fileHash": "76d73507",
      "needsInterop": false
    },
    "@angular/forms": {
      "src": "../../../../../../node_modules/@angular/forms/fesm2022/forms.mjs",
      "file": "@angular_forms.js",
      "fileHash": "ae86d670",
      "needsInterop": false
    },
    "@angular/material/button": {
      "src": "../../../../../../node_modules/@angular/material/fesm2022/button.mjs",
      "file": "@angular_material_button.js",
      "fileHash": "353e9a50",
      "needsInterop": false
    },
    "@angular/material/card": {
      "src": "../../../../../../node_modules/@angular/material/fesm2022/card.mjs",
      "file": "@angular_material_card.js",
      "fileHash": "bdcb8665",
      "needsInterop": false
    },
    "@angular/material/checkbox": {
      "src": "../../../../../../node_modules/@angular/material/fesm2022/checkbox.mjs",
      "file": "@angular_material_checkbox.js",
      "fileHash": "91eacb78",
      "needsInterop": false
    },
    "@angular/material/core": {
      "src": "../../../../../../node_modules/@angular/material/fesm2022/core.mjs",
      "file": "@angular_material_core.js",
      "fileHash": "d93533ff",
      "needsInterop": false
    },
    "@angular/material/datepicker": {
      "src": "../../../../../../node_modules/@angular/material/fesm2022/datepicker.mjs",
      "file": "@angular_material_datepicker.js",
      "fileHash": "bec74a7a",
      "needsInterop": false
    },
    "@angular/material/form-field": {
      "src": "../../../../../../node_modules/@angular/material/fesm2022/form-field.mjs",
      "file": "@angular_material_form-field.js",
      "fileHash": "5758540f",
      "needsInterop": false
    },
    "@angular/material/icon": {
      "src": "../../../../../../node_modules/@angular/material/fesm2022/icon.mjs",
      "file": "@angular_material_icon.js",
      "fileHash": "c6ca16c3",
      "needsInterop": false
    },
    "@angular/material/input": {
      "src": "../../../../../../node_modules/@angular/material/fesm2022/input.mjs",
      "file": "@angular_material_input.js",
      "fileHash": "b075903d",
      "needsInterop": false
    },
    "@angular/material/list": {
      "src": "../../../../../../node_modules/@angular/material/fesm2022/list.mjs",
      "file": "@angular_material_list.js",
      "fileHash": "8fa0156c",
      "needsInterop": false
    },
    "@angular/material/progress-spinner": {
      "src": "../../../../../../node_modules/@angular/material/fesm2022/progress-spinner.mjs",
      "file": "@angular_material_progress-spinner.js",
      "fileHash": "584ee3b9",
      "needsInterop": false
    },
    "@angular/material/select": {
      "src": "../../../../../../node_modules/@angular/material/fesm2022/select.mjs",
      "file": "@angular_material_select.js",
      "fileHash": "1d7c8150",
      "needsInterop": false
    },
    "@angular/material/sidenav": {
      "src": "../../../../../../node_modules/@angular/material/fesm2022/sidenav.mjs",
      "file": "@angular_material_sidenav.js",
      "fileHash": "7a51f925",
      "needsInterop": false
    },
    "@angular/material/table": {
      "src": "../../../../../../node_modules/@angular/material/fesm2022/table.mjs",
      "file": "@angular_material_table.js",
      "fileHash": "801b034e",
      "needsInterop": false
    },
    "@angular/material/toolbar": {
      "src": "../../../../../../node_modules/@angular/material/fesm2022/toolbar.mjs",
      "file": "@angular_material_toolbar.js",
      "fileHash": "aa98ccdd",
      "needsInterop": false
    },
    "@angular/platform-browser": {
      "src": "../../../../../../node_modules/@angular/platform-browser/fesm2022/platform-browser.mjs",
      "file": "@angular_platform-browser.js",
      "fileHash": "160075c9",
      "needsInterop": false
    },
    "@angular/router": {
      "src": "../../../../../../node_modules/@angular/router/fesm2022/router.mjs",
      "file": "@angular_router.js",
      "fileHash": "230989c4",
      "needsInterop": false
    }
  },
  "chunks": {
    "chunk-FAQTHMRE": {
      "file": "chunk-FAQTHMRE.js"
    },
    "chunk-PZUD23ZB": {
      "file": "chunk-PZUD23ZB.js"
    },
    "chunk-77CVX2LP": {
      "file": "chunk-77CVX2LP.js"
    },
    "chunk-N4QOWQVO": {
      "file": "chunk-N4QOWQVO.js"
    },
    "chunk-QYM75RKQ": {
      "file": "chunk-QYM75RKQ.js"
    },
    "chunk-4F2GV7NM": {
      "file": "chunk-4F2GV7NM.js"
    },
    "chunk-OIZAD6NR": {
      "file": "chunk-OIZAD6NR.js"
    },
    "chunk-P2CP56V7": {
      "file": "chunk-P2CP56V7.js"
    },
    "chunk-UDU42JBG": {
      "file": "chunk-UDU42JBG.js"
    },
    "chunk-XR3HEPX7": {
      "file": "chunk-XR3HEPX7.js"
    },
    "chunk-5LOEZ6TD": {
      "file": "chunk-5LOEZ6TD.js"
    },
    "chunk-DXWUNE6C": {
      "file": "chunk-DXWUNE6C.js"
    },
    "chunk-VH566JNQ": {
      "file": "chunk-VH566JNQ.js"
    },
    "chunk-DXABT5GI": {
      "file": "chunk-DXABT5GI.js"
    },
    "chunk-FA5DI3II": {
      "file": "chunk-FA5DI3II.js"
    },
    "chunk-H7HBO5EQ": {
      "file": "chunk-H7HBO5EQ.js"
    },
    "chunk-UATW3Z6I": {
      "file": "chunk-UATW3Z6I.js"
    },
    "chunk-SZS4RJEH": {
      "file": "chunk-SZS4RJEH.js"
    },
    "chunk-ODB2FKWL": {
      "file": "chunk-ODB2FKWL.js"
    },
    "chunk-RRJZMZKH": {
      "file": "chunk-RRJZMZKH.js"
    },
    "chunk-S67CZ7TW": {
      "file": "chunk-S67CZ7TW.js"
    },
    "chunk-67ZF7Q5I": {
      "file": "chunk-67ZF7Q5I.js"
    },
    "chunk-IFTZZKWL": {
      "file": "chunk-IFTZZKWL.js"
    },
    "chunk-JKRMGOYG": {
      "file": "chunk-JKRMGOYG.js"
    },
    "chunk-LLSYBTIE": {
      "file": "chunk-LLSYBTIE.js"
    },
    "chunk-Z6PZDMEE": {
      "file": "chunk-Z6PZDMEE.js"
    },
    "chunk-NYOWVKNA": {
      "file": "chunk-NYOWVKNA.js"
    },
    "chunk-M3HR6BUY": {
      "file": "chunk-M3HR6BUY.js"
    },
    "chunk-JZKURVB5": {
      "file": "chunk-JZKURVB5.js"
    },
    "chunk-CWIKPKWD": {
      "file": "chunk-CWIKPKWD.js"
    },
    "chunk-IZLEGCLQ": {
      "file": "chunk-IZLEGCLQ.js"
    },
    "chunk-BEI4GFPO": {
      "file": "chunk-BEI4GFPO.js"
    }
  }
}